{
  "version": "7",
  "dialect": "postgresql",
  "entries": [
    {
      "idx": 0,
      "version": "7",
      "when": 1742440276306,
      "tag": "0000_chilly_blazing_skull",
      "breakpoints": true
    },
    {
      "idx": 1,
      "version": "7",
      "when": 1742522693686,
      "tag": "0001_true_raider",
      "breakpoints": true
    },
    {
      "idx": 2,
      "version": "7",
      "when": 1742525868545,
      "tag": "0002_concerned_maggott",
      "breakpoints": true
    },
    {
      "idx": 3,
      "version": "7",
      "when": 1742548695187,
      "tag": "0003_worthless_purifiers",
      "breakpoints": true
    },
    {
      "idx": 4,
      "version": "7",
      "when": 1742699691462,
      "tag": "0004_freezing_baron_zemo",
      "breakpoints": true
    },
    {
      "idx": 5,
      "version": "7",
      "when": 1742717652634,
      "tag": "0005_aspiring_blink",
      "breakpoints": true
    },
    {
      "idx": 6,
      "version": "7",
      "when": 1743123068754,
      "tag": "0006_sloppy_sprite",
      "breakpoints": true
    },
    {
      "idx": 7,
      "version": "7",
      "when": 1743132029331,
      "tag": "0007_lying_magneto",
      "breakpoints": true
    },
    {
      "idx": 8,
      "version": "7",
      "when": 1743484084032,
      "tag": "0008_futuristic_kronos",
      "breakpoints": true
    }
  ]
}