{
  "name": "achis-theme",
  "type": "custom",
  "primary": "#4CAF50",
  "variant": "professional",
  "appearance": "light",
  "radius": 0.5,
  "colors": {
    "primary": "#4CAF50",
    "primary-dark": "#388E3C",
    "primary-light": "#81C784",
    "secondary": "#2196F3",
    "secondary-dark": "#1976D2",
    "secondary-light": "#64B5F6",
    "background": "#FFFFFF",
    "foreground": "#1A1A1A",
    "muted": "#6B7280",
    "muted-foreground": "#9CA3AF",
    "border": "#E5E7EB",
    "input": "#F3F4F6",
    "ring": "#4CAF50",
    "destructive": "#ef4444",
    "destructive-foreground": "#ffffff",
    "accent": "#FF5722",
    "accent-foreground": "#ffffff",
    "card": "#ffffff",
    "card-foreground": "#1A1A1A",
    "popover": "#ffffff",
    "popover-foreground": "#1A1A1A",
    "badge": {
      "default": "#FF5722",
      "foreground": "#FFFFFF"
    }
  },
  "borderRadius": {
    "lg": "0.5rem",
    "md": "0.375rem",
    "sm": "0.25rem"
  },
  "font": {
    "sans": ["Inter", "sans-serif"],
    "mono": ["JetBrains Mono", "monospace"]
  }
}